{
  "export_path": "D:\\Daily_Chart\\Chart_Resources",

  "report_templates": {
    "RTA": {
      "name": "Forecast - Occupancy/Availability per Room Type"
    },
    "RTO": {
      "name": "Forecast - Occupancy/Availability per Room Type"
    },
    "RCT": {
      "name": "Reservation Chart [Group By Country]"
    },
    "RCR": {
      "name": "Reservation Chart by rate room type"
    },
    "AR": {
      "name": "a 0101 Arrival Group By ..."
    },
    "HF": {
      "name": "a 0101 Arrival Group By ..."
    }
  },

  "hotels": {
    "DB": {
      "name": "Dana Beach",
      "config_file_path": "C:\\FIDELIO\\v8live.ini",
      "username": "a.ibrahim",
      "password": "Des100",
      "reports": {
        "RTA": "DB RTA",
        "RTO": "DB RTO",
        "RCT": "DB RCT",
        "RCR": "DB RCR",
        "AR": "DB AR",
        "HF": "DB HF"
      }
    },
    "WB": {
      "name": "Dana Beach",
      "config_file_path": "C:\\FIDELIO\\v8live.ini",
      "username": "a.ibrahim",
      "password": "Des100",
      "reports": {
        "RTA": "WB RTA",
        "RTO": "WB RTO",
        "RCT": "WB RCT",
        "RCR": "WB RCR",
        "AR": "WB AR",
        "HF": "WB HF"
      }
    },
    "HB1": {
      "name": "Hotel 1",
      "config_file_path": "C:\\FIDELIO\\v8live.ini",
      "username": "a.ibrahim",
      "password": "Des100",
      "reports": {
        "RTA": "HB1 RTA",
        "RTO": "HB1 RTO",
        "RCT": "HB1 RCT",
        "RCR": "HB1 RCR",
        "AR": "HB1 AR",
        "HF": "HB1 HF"
      }
    },
    "HB2": {
      "name": "Hotel 2",
      "config_file_path": "C:\\FIDELIO\\v8live.ini",
      "username": "a.ibrahim",
      "password": "Des100",
      "reports": {
        "RTA": "HB2 RTA",
        "RTO": "HB2 RTO",
        "RCT": "HB2 RCT",
        "RCR": "HB2 RCR",
        "AR": "HB2 AR",
        "HF": "HB2 HF"
      }
    },
    "HB3": {
      "name": "Hotel 3",
      "config_file_path": "C:\\FIDELIO\\v8live.ini",
      "username": "a.ibrahim",
      "password": "Des100",
      "reports": {
        "RTA": "HB3 RTA",
        "RTO": "HB3 RTO",
        "RCT": "HB3 RCT",
        "RCR": "HB3 RCR",
        "AR": "HB3 AR",
        "HF": "HB3 HF"
      }
    },
    "HB4": {
      "name": "Hotel 4",
      "config_file_path": "C:\\FIDELIO\\v8live.ini",
      "username": "a.ibrahim",
      "password": "Des100",
      "reports": {
        "RTA": "HB4 RTA",
        "RTO": "HB4 RTO",
        "RCT": "HB4 RCT",
        "RCR": "HB4 RCR",
        "AR": "HB4 AR",
        "HF": "HB4 HF"
      }
    },
    "HB5": {
      "name": "Hotel 5",
      "config_file_path": "C:\\FIDELIO\\v8live.ini",
      "username": "a.ibrahim",
      "password": "Des100",
      "reports": {
        "RTA": "HB5 RTA",
        "RTO": "HB5 RTO",
        "RCT": "HB5 RCT",
        "RCR": "HB5 RCR",
        "AR": "HB5 AR",
        "HF": "HB5 HF"
      }
    },
    "HB6": {
      "name": "Hotel 6",
      "config_file_path": "C:\\FIDELIO\\v8live.ini",
      "username": "a.ibrahim",
      "password": "Des100",
      "reports": {
        "RTA": "HB6 RTA",
        "RTO": "HB6 RTO",
        "RCT": "HB6 RCT",
        "RCR": "HB6 RCR",
        "AR": "HB6 AR",
        "HF": "HB6 HF"
      }
    },
    "HB7": {
      "name": "Hotel 7",
      "config_file_path": "C:\\FIDELIO\\v8live.ini",
      "username": "a.ibrahim",
      "password": "Des100",
      "reports": {
        "RTA": "HB7 RTA",
        "RTO": "HB7 RTO",
        "RCT": "HB7 RCT",
        "RCR": "HB7 RCR",
        "AR": "HB7 AR",
        "HF": "HB7 HF"
      }
    },
    "HB8": {
      "name": "Hotel 8",
      "config_file_path": "C:\\FIDELIO\\v8live.ini",
      "username": "a.ibrahim",
      "password": "Des100",
      "reports": {
        "RTA": "HB8 RTA",
        "RTO": "HB8 RTO",
        "RCT": "HB8 RCT",
        "RCR": "HB8 RCR",
        "AR": "HB8 AR",
        "HF": "HB8 HF"
      }
    },
    "HB9": {
      "name": "Hotel 9",
      "config_file_path": "C:\\FIDELIO\\v8live.ini",
      "username": "a.ibrahim",
      "password": "Des100",
      "reports": {
        "RTA": "HB9 RTA",
        "RTO": "HB9 RTO",
        "RCT": "HB9 RCT",
        "RCR": "HB9 RCR",
        "AR": "HB9 AR",
        "HF": "HB9 HF"
      }
    }
  }
}
